date;quarter;department;day;team;targeted_productivity;actual_productivity
1/01/2015;Quarter1;sweing;Thursday;8;0,8;0,940725424
1/01/2015;Quarter1;finishing ;Thursday;1;0,75;0,8865
1/01/2015;Quarter1;sweing;Thursday;11;0,8;0,800570492
1/01/2015;Quarter1;sweing;Thursday;12;0,8;0,800570492
1/01/2015;Quarter1;sweing;Thursday;6;0,8;0,800381944
1/01/2015;Quarter1;sweing;Thursday;7;0,8;0,800125
1/01/2015;Quarter1;finishing ;Thursday;2;0,75;0,755166667
1/01/2015;Quarter1;sweing;Thursday;3;0,75;0,753683478
1/01/2015;Quarter1;sweing;Thursday;2;0,75;0,753097531
1/01/2015;Quarter1;sweing;Thursday;1;0,75;0,750427826
1/01/2015;Quarter1;sweing;Thursday;9;0,7;0,721126957
1/01/2015;Quarter1;sweing;Thursday;10;0,75;0,712205247
1/01/2015;Quarter1;sweing;Thursday;5;0,8;0,707045902
1/01/2015;Quarter1;finishing ;Thursday;10;0,65;0,705916667
1/01/2015;Quarter1;finishing ;Thursday;8;0,75;0,676666667
1/01/2015;Quarter1;finishing ;Thursday;4;0,75;0,593055556
1/01/2015;Quarter1;finishing ;Thursday;7;0,8;0,540729167
1/01/2015;Quarter1;sweing;Thursday;4;0,65;0,52118
1/01/2015;Quarter1;finishing;Thursday;11;0,7;0,436326389
1/03/2015;Quarter1;finishing ;Saturday;4;0,8;0,988024691
1/03/2015;Quarter1;finishing ;Saturday;11;0,75;0,987880435
1/03/2015;Quarter1;finishing ;Saturday;9;0,8;0,956270833
1/03/2015;Quarter1;finishing ;Saturday;3;0,75;0,945277778
1/03/2015;Quarter1;finishing ;Saturday;1;0,8;0,902916667
1/03/2015;Quarter1;sweing;Saturday;1;0,8;0,800725314
1/03/2015;Quarter1;sweing;Saturday;3;0,8;0,800322936
1/03/2015;Quarter1;sweing;Saturday;8;0,8;0,800318644
1/03/2015;Quarter1;sweing;Saturday;12;0,8;0,800318644
1/03/2015;Quarter1;sweing;Saturday;11;0,8;0,800237288
1/03/2015;Quarter1;sweing;Saturday;5;0,8;0,800148649
1/03/2015;Quarter1;sweing;Saturday;6;0,8;0,800125
1/03/2015;Quarter1;sweing;Saturday;7;0,8;0,800125
1/03/2015;Quarter1;sweing;Saturday;10;0,75;0,787299691
1/03/2015;Quarter1;finishing ;Saturday;2;0,8;0,782447917
1/03/2015;Quarter1;sweing;Saturday;2;0,75;0,75024303
1/03/2015;Quarter1;finishing ;Saturday;10;0,7;0,7018125
1/03/2015;Quarter1;sweing;Saturday;4;0,7;0,700134038
1/03/2015;Quarter1;sweing;Saturday;9;0,7;0,699965217
1/03/2015;Quarter1;finishing ;Saturday;8;0,8;0,628333333
1/03/2015;Quarter1;finishing ;Saturday;7;0,8;0,6253125
1/04/2015;Quarter1;finishing ;Sunday;3;0,75;0,991388889
1/04/2015;Quarter1;finishing ;Sunday;9;0,8;0,931645833
1/04/2015;Quarter1;finishing ;Sunday;1;0,8;0,915229167
1/04/2015;Quarter1;sweing;Sunday;6;0,8;0,879714482
1/04/2015;Quarter1;finishing ;Sunday;4;0,8;0,861679012
1/04/2015;Quarter1;sweing;Sunday;9;0,8;0,850569492
1/04/2015;Quarter1;sweing;Sunday;7;0,8;0,850436438
1/04/2015;Quarter1;sweing;Sunday;8;0,8;0,850345133
1/04/2015;Quarter1;sweing;Sunday;4;0,8;0,800598058
1/04/2015;Quarter1;sweing;Sunday;1;0,8;0,800318644
1/04/2015;Quarter1;sweing;Sunday;2;0,8;0,800237838
1/04/2015;Quarter1;sweing;Sunday;12;0,8;0,800030199
1/04/2015;Quarter1;finishing ;Sunday;2;0,8;0,792104167
1/04/2015;Quarter1;finishing ;Sunday;10;0,7;0,759228395
1/04/2015;Quarter1;sweing;Sunday;11;0,75;0,750348457
1/04/2015;Quarter1;sweing;Sunday;3;0,75;0,75024303
1/04/2015;Quarter1;sweing;Sunday;10;0,7;0,699965217
1/04/2015;Quarter1;finishing ;Sunday;8;0,8;0,682708333
1/04/2015;Quarter1;finishing ;Sunday;7;0,8;0,667604167
1/04/2015;Quarter1;sweing;Sunday;5;0,7;0,603432184
1/04/2015;Quarter1;finishing ;Sunday;11;0,75;0,345833333
1/05/2015;Quarter1;finishing ;Monday;1;0,8;0,961059028
1/05/2015;Quarter1;finishing ;Monday;11;0,8;0,939513889
1/05/2015;Quarter1;finishing ;Monday;4;0,8;0,893663194
1/05/2015;Quarter1;finishing ;Monday;3;0,75;0,875390625
1/05/2015;Quarter1;sweing;Monday;9;0,8;0,850569492
1/05/2015;Quarter1;finishing ;Monday;9;0,8;0,820833333
1/05/2015;Quarter1;finishing ;Monday;2;0,8;0,804416667
1/05/2015;Quarter1;sweing;Monday;7;0,8;0,800684366
1/05/2015;Quarter1;sweing;Monday;8;0,8;0,800684366
1/05/2015;Quarter1;sweing;Monday;1;0,8;0,800318644
1/05/2015;Quarter1;sweing;Monday;11;0,8;0,800250962
1/05/2015;Quarter1;sweing;Monday;6;0,8;0,800246011
1/05/2015;Quarter1;sweing;Monday;12;0,8;0,800246011
1/05/2015;Quarter1;sweing;Monday;2;0,8;0,800076522
1/05/2015;Quarter1;sweing;Monday;4;0,8;0,800076522
1/05/2015;Quarter1;finishing ;Monday;10;0,75;0,763375
1/05/2015;Quarter1;finishing ;Monday;5;0,6;0,759270833
1/05/2015;Quarter1;sweing;Monday;10;0,75;0,7504
1/05/2015;Quarter1;sweing;Monday;3;0,75;0,75024303
1/05/2015;Quarter1;finishing ;Monday;7;0,8;0,676666667
1/05/2015;Quarter1;finishing ;Monday;8;0,8;0,664583333
1/05/2015;Quarter1;sweing;Monday;5;0,6;0,600028736
1/06/2015;Quarter1;finishing ;Tuesday;4;0,8;0,966781346
1/06/2015;Quarter1;finishing ;Tuesday;1;0,8;0,936496212
1/06/2015;Quarter1;finishing ;Tuesday;3;0,75;0,899166667
1/06/2015;Quarter1;finishing ;Tuesday;11;0,8;0,888686869
1/06/2015;Quarter1;finishing ;Tuesday;9;0,8;0,858143939
1/06/2015;Quarter1;sweing;Tuesday;1;0,8;0,850502311
1/06/2015;Quarter1;sweing;Tuesday;9;0,8;0,850502311
1/06/2015;Quarter1;finishing ;Tuesday;10;0,75;0,809640152
1/06/2015;Quarter1;finishing ;Tuesday;2;0,8;0,805909091
1/06/2015;Quarter1;sweing;Tuesday;2;0,8;0,800594466
1/06/2015;Quarter1;sweing;Tuesday;4;0,8;0,800594466
1/06/2015;Quarter1;sweing;Tuesday;3;0,8;0,800273829
1/06/2015;Quarter1;sweing;Tuesday;12;0,8;0,800140969
1/06/2015;Quarter1;sweing;Tuesday;7;0,8;0,800128721
1/06/2015;Quarter1;sweing;Tuesday;8;0,8;0,800128721
1/06/2015;Quarter1;sweing;Tuesday;6;0,8;0,80007657
1/06/2015;Quarter1;sweing;Tuesday;10;0,75;0,750545455
1/06/2015;Quarter1;sweing;Tuesday;11;0,75;0,750057851
1/06/2015;Quarter1;finishing ;Tuesday;8;0,8;0,681060606
1/06/2015;Quarter1;sweing;Tuesday;5;0,65;0,649983281
1/06/2015;Quarter1;finishing ;Tuesday;7;0,8;0,61625
1/07/2015;Quarter1;finishing ;Wednesday;1;0,8;0,951420455
1/07/2015;Quarter1;finishing ;Wednesday;9;0,8;0,880530303
1/07/2015;Quarter1;sweing;Wednesday;1;0,8;0,850502311
1/07/2015;Quarter1;sweing;Wednesday;9;0,8;0,850502311
1/07/2015;Quarter1;sweing;Wednesday;8;0,8;0,850136766
1/07/2015;Quarter1;finishing ;Wednesday;3;0,75;0,83
1/07/2015;Quarter1;finishing ;Wednesday;4;0,8;0,827186544
1/07/2015;Quarter1;finishing ;Wednesday;2;0,8;0,813371212
1/07/2015;Quarter1;finishing ;Wednesday;10;0,75;0,805909091
1/07/2015;Quarter1;finishing ;Wednesday;7;0,8;0,804640152
1/07/2015;Quarter1;sweing;Wednesday;2;0,8;0,800594466
1/07/2015;Quarter1;sweing;Wednesday;4;0,8;0,800594466
1/07/2015;Quarter1;sweing;Wednesday;6;0,8;0,800343766
1/07/2015;Quarter1;sweing;Wednesday;3;0,8;0,800273829
1/07/2015;Quarter1;sweing;Wednesday;12;0,8;0,800246753
1/07/2015;Quarter1;sweing;Wednesday;7;0,8;0,800128721
1/07/2015;Quarter1;sweing;Wednesday;10;0,75;0,8
1/07/2015;Quarter1;sweing;Wednesday;5;0,7;0,700480831
1/07/2015;Quarter1;finishing ;Wednesday;8;0,8;0,681060606
1/07/2015;Quarter1;finishing ;Wednesday;6;0,8;0,666515152
1/07/2015;Quarter1;sweing;Wednesday;11;0,8;0,412119835
1/07/2015;Quarter1;finishing ;Wednesday;5;0,7;0,330113636
1/08/2015;Quarter2;finishing ;Thursday;1;0,8;0,947689394
1/08/2015;Quarter2;finishing ;Thursday;4;0,8;0,919905405
1/08/2015;Quarter2;sweing;Thursday;9;0,8;0,900215716
1/08/2015;Quarter2;finishing ;Thursday;9;0,8;0,891723485
1/08/2015;Quarter2;sweing;Thursday;1;0,8;0,850502311
1/08/2015;Quarter2;sweing;Thursday;4;0,8;0,850181818
1/08/2015;Quarter2;sweing;Thursday;7;0,8;0,850136766
1/08/2015;Quarter2;sweing;Thursday;8;0,8;0,850136766
1/08/2015;Quarter2;finishing ;Thursday;2;0,8;0,835757576
1/08/2015;Quarter2;finishing ;Thursday;5;0,7;0,821354167
1/08/2015;Quarter2;sweing;Thursday;2;0,8;0,800497246
1/08/2015;Quarter2;sweing;Thursday;3;0,8;0,800273829
1/08/2015;Quarter2;sweing;Thursday;12;0,8;0,800107143
1/08/2015;Quarter2;sweing;Thursday;6;0,8;0,800024932
1/08/2015;Quarter2;sweing;Thursday;10;0,75;0,8
1/08/2015;Quarter2;finishing ;Thursday;10;0,75;0,779791667
1/08/2015;Quarter2;finishing ;Thursday;8;0,8;0,735984848
1/08/2015;Quarter2;finishing ;Thursday;3;0,75;0,712626263
1/08/2015;Quarter2;finishing ;Thursday;7;0,8;0,681060606
1/08/2015;Quarter2;finishing ;Thursday;11;0,8;0,515606061
1/08/2015;Quarter2;sweing;Thursday;11;0,35;0,349951389
1/08/2015;Quarter2;sweing;Thursday;5;0,7;0,233705476
1/10/2015;Quarter2;finishing ;Saturday;1;0,8;0,985
1/10/2015;Quarter2;finishing ;Saturday;3;0,75;0,930340376
1/10/2015;Quarter2;finishing ;Saturday;4;0,8;0,911589744
1/10/2015;Quarter2;finishing ;Saturday;9;0,8;0,858143939
1/10/2015;Quarter2;sweing;Saturday;9;0,8;0,851174114
1/10/2015;Quarter2;sweing;Saturday;7;0,8;0,850136766
1/10/2015;Quarter2;sweing;Saturday;8;0,8;0,850136766
1/10/2015;Quarter2;finishing ;Saturday;10;0,8;0,846950758
1/10/2015;Quarter2;finishing ;Saturday;11;0,8;0,817424242
1/10/2015;Quarter2;finishing ;Saturday;2;0,8;0,817102273
1/10/2015;Quarter2;sweing;Saturday;4;0,8;0,801028213
1/10/2015;Quarter2;sweing;Saturday;2;0,8;0,800594466
1/10/2015;Quarter2;sweing;Saturday;12;0,8;0,800346445
1/10/2015;Quarter2;sweing;Saturday;6;0,8;0,800343766
1/10/2015;Quarter2;sweing;Saturday;1;0,8;0,800117103
1/10/2015;Quarter2;sweing;Saturday;10;0,8;0,8
1/10/2015;Quarter2;sweing;Saturday;3;0,75;0,750098351
1/10/2015;Quarter2;sweing;Saturday;11;0,5;0,673245283
1/10/2015;Quarter2;finishing ;Saturday;7;0,8;0,670075758
1/10/2015;Quarter2;finishing ;Saturday;8;0,8;0,628882576
1/10/2015;Quarter2;sweing;Saturday;5;0,5;0,388007813
1/10/2015;Quarter2;finishing ;Saturday;5;0,5;0,337973485
1/11/2015;Quarter2;finishing ;Sunday;3;0,75;0,93532197
1/11/2015;Quarter2;finishing ;Sunday;4;0,8;0,925643939
1/11/2015;Quarter2;sweing;Sunday;9;0,8;0,900215716
1/11/2015;Quarter2;finishing ;Sunday;1;0,8;0,873068182
1/11/2015;Quarter2;finishing ;Sunday;9;0,8;0,858143939
1/11/2015;Quarter2;sweing;Sunday;1;0,8;0,850502311
1/11/2015;Quarter2;sweing;Sunday;7;0,8;0,850136766
1/11/2015;Quarter2;sweing;Sunday;8;0,8;0,850136766
1/11/2015;Quarter2;finishing ;Sunday;10;0,8;0,828295455
1/11/2015;Quarter2;finishing ;Sunday;2;0,8;0,820833333
1/11/2015;Quarter2;sweing;Sunday;6;0,8;0,800343766
1/11/2015;Quarter2;sweing;Sunday;12;0,8;0,800246753
1/11/2015;Quarter2;sweing;Sunday;2;0,8;0,8
1/11/2015;Quarter2;sweing;Sunday;10;0,8;0,8
1/11/2015;Quarter2;sweing;Sunday;3;0,8;0,690182815
1/11/2015;Quarter2;finishing ;Sunday;11;0,8;0,668087121
1/11/2015;Quarter2;finishing ;Sunday;8;0,8;0,653598485
1/11/2015;Quarter2;finishing ;Sunday;5;0,5;0,609138258
1/11/2015;Quarter2;sweing;Sunday;11;0,6;0,600229846
1/11/2015;Quarter2;finishing ;Sunday;6;0,8;0,597348485
1/11/2015;Quarter2;finishing ;Sunday;7;0,8;0,590435606
1/11/2015;Quarter2;sweing;Sunday;4;0,8;0,473134796
1/11/2015;Quarter2;sweing;Sunday;5;0,6;0,452979626
1/12/2015;Quarter2;finishing ;Monday;1;0,8;0,955151515
1/12/2015;Quarter2;finishing ;Monday;4;0,35;0,942213805
1/12/2015;Quarter2;finishing ;Monday;3;0,8;0,905454545
1/12/2015;Quarter2;finishing ;Monday;2;0,8;0,880530303
1/12/2015;Quarter2;finishing ;Monday;9;0,8;0,858143939
1/12/2015;Quarter2;sweing;Monday;1;0,8;0,850522167
1/12/2015;Quarter2;sweing;Monday;9;0,8;0,850502311
1/12/2015;Quarter2;sweing;Monday;7;0,8;0,850136766
1/12/2015;Quarter2;sweing;Monday;8;0,8;0,850136766
1/12/2015;Quarter2;finishing ;Monday;6;0,8;0,817424242
1/12/2015;Quarter2;finishing ;Monday;5;0,65;0,809564394
1/12/2015;Quarter2;sweing;Monday;3;0,8;0,800273829
1/12/2015;Quarter2;sweing;Monday;6;0,8;0,800181818
1/12/2015;Quarter2;sweing;Monday;12;0,8;0,80007657
1/12/2015;Quarter2;sweing;Monday;2;0,8;0,8
1/12/2015;Quarter2;finishing ;Monday;8;0,8;0,725
1/12/2015;Quarter2;sweing;Monday;10;0,8;0,688557555
1/12/2015;Quarter2;sweing;Monday;5;0,65;0,650040783
1/12/2015;Quarter2;sweing;Monday;11;0,65;0,64998056
1/12/2015;Quarter2;finishing ;Monday;7;0,8;0,648106061
1/12/2015;Quarter2;finishing ;Monday;11;0,8;0,640577652
1/12/2015;Quarter2;sweing;Monday;4;0,35;0,35063299
1/12/2015;Quarter2;finishing ;Monday;10;0,8;0,24625
1/13/2015;Quarter2;finishing ;Tuesday;4;0,35;0,952020202
1/13/2015;Quarter2;finishing ;Tuesday;1;0,8;0,951420455
1/13/2015;Quarter2;finishing ;Tuesday;10;0,8;0,912766667
1/13/2015;Quarter2;finishing ;Tuesday;3;0,8;0,901262626
1/13/2015;Quarter2;finishing ;Tuesday;9;0,8;0,858143939
1/13/2015;Quarter2;sweing;Tuesday;1;0,8;0,850502311
1/13/2015;Quarter2;sweing;Tuesday;9;0,8;0,850502311
1/13/2015;Quarter2;sweing;Tuesday;8;0,8;0,850252525
1/13/2015;Quarter2;sweing;Tuesday;7;0,8;0,850136766
1/13/2015;Quarter2;finishing ;Tuesday;5;0,65;0,821354167
1/13/2015;Quarter2;finishing ;Tuesday;2;0,8;0,805909091
1/13/2015;Quarter2;sweing;Tuesday;6;0,8;0,800246753
1/13/2015;Quarter2;sweing;Tuesday;12;0,8;0,800246753
1/13/2015;Quarter2;sweing;Tuesday;2;0,8;0,8
1/13/2015;Quarter2;sweing;Tuesday;3;0,8;0,705576584
1/13/2015;Quarter2;finishing ;Tuesday;8;0,8;0,681060606
1/13/2015;Quarter2;finishing ;Tuesday;7;0,8;0,670075758
1/13/2015;Quarter2;finishing ;Tuesday;11;0,8;0,601278409
1/13/2015;Quarter2;sweing;Tuesday;11;0,7;0,582301029
1/13/2015;Quarter2;sweing;Tuesday;5;0,7;0,526810345
1/13/2015;Quarter2;sweing;Tuesday;4;0,5;0,500380799
1/13/2015;Quarter2;sweing;Tuesday;10;0,35;0,35020649
1/14/2015;Quarter2;finishing ;Wednesday;11;0,8;0,934607438
1/14/2015;Quarter2;finishing ;Wednesday;4;0,35;0,908080808
1/14/2015;Quarter2;sweing;Wednesday;7;0,8;0,900144811
1/14/2015;Quarter2;finishing ;Wednesday;1;0,8;0,891723485
1/14/2015;Quarter2;finishing ;Wednesday;5;0,65;0,864583333
1/14/2015;Quarter2;finishing ;Wednesday;9;0,8;0,858143939
1/14/2015;Quarter2;sweing;Wednesday;9;0,8;0,850502311
1/14/2015;Quarter2;sweing;Wednesday;8;0,8;0,850136766
1/14/2015;Quarter2;finishing ;Wednesday;7;0,8;0,837594697
1/14/2015;Quarter2;finishing ;Wednesday;3;0,8;0,820833333
1/14/2015;Quarter2;sweing;Wednesday;12;0,8;0,800313433
1/14/2015;Quarter2;sweing;Wednesday;6;0,8;0,800246753
1/14/2015;Quarter2;sweing;Wednesday;1;0,8;0,800117103
1/14/2015;Quarter2;sweing;Wednesday;5;0,7;0,700095563
1/14/2015;Quarter2;finishing ;Wednesday;8;0,8;0,667329545
1/14/2015;Quarter2;sweing;Wednesday;4;0,6;0,600369686
1/14/2015;Quarter2;sweing;Wednesday;10;0,5;0,499980334
1/14/2015;Quarter2;sweing;Wednesday;11;0,35;0,35003125
1/14/2015;Quarter2;finishing ;Wednesday;10;0,8;0,332359307
1/14/2015;Quarter2;sweing;Wednesday;2;0,8;0,311207464
1/14/2015;Quarter2;finishing ;Wednesday;2;0,8;0,247316017
1/15/2015;Quarter3;finishing ;Thursday;4;0,35;0,988636364
1/15/2015;Quarter3;finishing ;Thursday;10;0,8;0,953110048
1/15/2015;Quarter3;finishing ;Thursday;1;0,8;0,884261364
1/15/2015;Quarter3;finishing ;Thursday;5;0,65;0,860653409
1/15/2015;Quarter3;finishing ;Thursday;9;0,8;0,858143939
1/15/2015;Quarter3;sweing;Thursday;1;0,8;0,850502311
1/15/2015;Quarter3;sweing;Thursday;8;0,8;0,850415628
1/15/2015;Quarter3;sweing;Thursday;7;0,8;0,850136766
1/15/2015;Quarter3;sweing;Thursday;9;0,8;0,800117103
1/15/2015;Quarter3;sweing;Thursday;6;0,8;0,80003139
1/15/2015;Quarter3;sweing;Thursday;12;0,8;0,80003139
1/15/2015;Quarter3;sweing;Thursday;5;0,7;0,700060345
1/15/2015;Quarter3;finishing ;Thursday;7;0,8;0,689299242
1/15/2015;Quarter3;sweing;Thursday;3;0,5;0,660683293
1/15/2015;Quarter3;sweing;Thursday;4;0,65;0,650130952
1/15/2015;Quarter3;finishing ;Thursday;8;0,8;0,606912879
1/15/2015;Quarter3;sweing;Thursday;10;0,6;0,600291767
1/15/2015;Quarter3;sweing;Thursday;11;0,5;0,500025069
1/15/2015;Quarter3;sweing;Thursday;2;0,5;0,499998888
1/17/2015;Quarter3;finishing ;Saturday;5;0,65;0,98719697
1/17/2015;Quarter3;finishing ;Saturday;2;0,8;0,980909091
1/17/2015;Quarter3;finishing ;Saturday;10;0,8;0,974621212
1/17/2015;Quarter3;finishing ;Saturday;1;0,8;0,884261364
1/17/2015;Quarter3;finishing ;Saturday;9;0,8;0,82680303
1/17/2015;Quarter3;sweing;Saturday;6;0,8;0,800343766
1/17/2015;Quarter3;sweing;Saturday;12;0,8;0,800246753
1/17/2015;Quarter3;sweing;Saturday;7;0,8;0,800128721
1/17/2015;Quarter3;sweing;Saturday;8;0,8;0,800128721
1/17/2015;Quarter3;sweing;Saturday;1;0,8;0,800117103
1/17/2015;Quarter3;sweing;Saturday;9;0,8;0,800117103
1/17/2015;Quarter3;sweing;Saturday;2;0,6;0,77011398
1/17/2015;Quarter3;sweing;Saturday;4;0,7;0,7005417
1/17/2015;Quarter3;finishing ;Saturday;8;0,8;0,675568182
1/17/2015;Quarter3;finishing ;Saturday;7;0,8;0,661837121
1/17/2015;Quarter3;sweing;Saturday;10;0,65;0,650198653
1/17/2015;Quarter3;sweing;Saturday;3;0,6;0,600291767
1/17/2015;Quarter3;sweing;Saturday;11;0,6;0,600273268
1/17/2015;Quarter3;finishing ;Saturday;6;0,8;0,465757576
1/17/2015;Quarter3;sweing;Saturday;5;0,7;0,452012539
1/17/2015;Quarter3;finishing ;Saturday;11;0,8;0,313852814
1/18/2015;Quarter3;finishing ;Sunday;5;0,6;0,852793561
1/18/2015;Quarter3;finishing ;Sunday;11;0,65;0,838383838
1/18/2015;Quarter3;finishing ;Sunday;6;0,8;0,804848485
1/18/2015;Quarter3;sweing;Sunday;6;0,8;0,800343766
1/18/2015;Quarter3;sweing;Sunday;7;0,8;0,800128721
1/18/2015;Quarter3;sweing;Sunday;8;0,8;0,800128721
1/18/2015;Quarter3;sweing;Sunday;9;0,8;0,800015009
1/18/2015;Quarter3;sweing;Sunday;4;0,7;0,7005417
1/18/2015;Quarter3;sweing;Sunday;10;0,7;0,700094156
1/18/2015;Quarter3;finishing ;Sunday;7;0,8;0,692045455
1/18/2015;Quarter3;sweing;Sunday;12;0,8;0,662255892
1/18/2015;Quarter3;sweing;Sunday;3;0,65;0,650416734
1/18/2015;Quarter3;sweing;Sunday;11;0,65;0,650299575
1/18/2015;Quarter3;sweing;Sunday;2;0,65;0,650243497
1/18/2015;Quarter3;finishing ;Sunday;8;0,8;0,639867424
1/18/2015;Quarter3;sweing;Sunday;5;0,6;0,600062696
1/18/2015;Quarter3;finishing ;Sunday;9;0,8;0,582045455
1/18/2015;Quarter3;sweing;Sunday;1;0,8;0,403242161
1/18/2015;Quarter3;finishing ;Sunday;10;0,7;0,235795455
1/19/2015;Quarter3;finishing ;Monday;4;0,7;0,977272727
1/19/2015;Quarter3;finishing ;Monday;9;0,8;0,964106061
1/19/2015;Quarter3;finishing ;Monday;5;0,65;0,958901515
1/19/2015;Quarter3;sweing;Monday;6;0,8;0,800358775
1/19/2015;Quarter3;sweing;Monday;8;0,8;0,800162602
1/19/2015;Quarter3;sweing;Monday;9;0,8;0,800117103
1/19/2015;Quarter3;finishing ;Monday;12;0,8;0,793844697
1/19/2015;Quarter3;sweing;Monday;2;0,7;0,750517565
1/19/2015;Quarter3;sweing;Monday;4;0,7;0,750068049
1/19/2015;Quarter3;sweing;Monday;3;0,7;0,750062751
1/19/2015;Quarter3;sweing;Monday;10;0,7;0,750057359
1/19/2015;Quarter3;sweing;Monday;11;0,7;0,700170388
1/19/2015;Quarter3;finishing ;Monday;8;0,8;0,683806818
1/19/2015;Quarter3;sweing;Monday;5;0,65;0,650066445
1/19/2015;Quarter3;sweing;Monday;7;0,8;0,576460393
1/19/2015;Quarter3;sweing;Monday;1;0,5;0,549969429
1/19/2015;Quarter3;finishing ;Monday;10;0,7;0,538399621
1/19/2015;Quarter3;finishing ;Monday;11;0,7;0,409545455
1/19/2015;Quarter3;sweing;Monday;12;0,35;0,35021836
1/20/2015;Quarter3;finishing ;Tuesday;5;0,7;1,033,570,076
1/20/2015;Quarter3;sweing;Tuesday;6;0,8;0,800261486
1/20/2015;Quarter3;sweing;Tuesday;8;0,8;0,800128721
1/20/2015;Quarter3;sweing;Tuesday;9;0,8;0,800117103
1/20/2015;Quarter3;sweing;Tuesday;4;0,7;0,750068049
1/20/2015;Quarter3;sweing;Tuesday;10;0,7;0,750057359
1/20/2015;Quarter3;sweing;Tuesday;3;0,7;0,750037968
1/20/2015;Quarter3;sweing;Tuesday;2;0,7;0,750031898
1/20/2015;Quarter3;finishing ;Tuesday;9;0,8;0,72830303
1/20/2015;Quarter3;sweing;Tuesday;11;0,7;0,700170388
1/20/2015;Quarter3;sweing;Tuesday;5;0,7;0,700063796
1/20/2015;Quarter3;finishing ;Tuesday;8;0,8;0,639867424
1/20/2015;Quarter3;sweing;Tuesday;12;0,5;0,500290419
1/20/2015;Quarter3;sweing;Tuesday;7;0,35;0,400332792
1/20/2015;Quarter3;finishing ;Tuesday;11;0,7;0,362666667
1/21/2015;Quarter3;finishing ;Wednesday;4;0,75;0,978525641
1/21/2015;Quarter3;finishing ;Wednesday;2;0,7;0,912202112
1/21/2015;Quarter3;sweing;Wednesday;4;0,75;0,900556277
1/21/2015;Quarter3;sweing;Wednesday;6;0,8;0,850410511
1/21/2015;Quarter3;finishing ;Wednesday;9;0,8;0,827147436
1/21/2015;Quarter3;sweing;Wednesday;8;0,8;0,800436542
1/21/2015;Quarter3;sweing;Wednesday;2;0,7;0,800415742
1/21/2015;Quarter3;sweing;Wednesday;10;0,7;0,800020563
1/21/2015;Quarter3;finishing ;Wednesday;5;0,7;0,758173077
1/21/2015;Quarter3;sweing;Wednesday;5;0,7;0,750344828
1/21/2015;Quarter3;sweing;Wednesday;3;0,7;0,750068049
1/21/2015;Quarter3;sweing;Wednesday;11;0,7;0,700170388
1/21/2015;Quarter3;sweing;Wednesday;1;0,65;0,700029771
1/21/2015;Quarter3;sweing;Wednesday;12;0,6;0,60017284
1/21/2015;Quarter3;finishing ;Wednesday;8;0,8;0,594871795
1/21/2015;Quarter3;sweing;Wednesday;9;0,8;0,520237649
1/21/2015;Quarter3;finishing ;Wednesday;1;0,65;0,505128205
1/21/2015;Quarter3;sweing;Wednesday;7;0,5;0,500241342
1/21/2015;Quarter3;finishing ;Wednesday;11;0,7;0,470769231
1/22/2015;Quarter4;finishing ;Thursday;7;0,6;0,957638889
1/22/2015;Quarter4;finishing ;Thursday;10;0,75;0,940701058
1/22/2015;Quarter4;sweing;Thursday;4;0,75;0,849983766
1/22/2015;Quarter4;sweing;Thursday;2;0,7;0,800302791
1/22/2015;Quarter4;sweing;Thursday;6;0,8;0,800191989
1/22/2015;Quarter4;sweing;Thursday;10;0,75;0,800020563
1/22/2015;Quarter4;sweing;Thursday;1;0,7;0,750162367
1/22/2015;Quarter4;sweing;Thursday;3;0,7;0,750068049
1/22/2015;Quarter4;finishing ;Thursday;5;0,7;0,742901235
1/22/2015;Quarter4;sweing;Thursday;5;0,7;0,700250784
1/22/2015;Quarter4;sweing;Thursday;11;0,7;0,700170388
1/22/2015;Quarter4;finishing ;Thursday;4;0,75;0,670216049
1/22/2015;Quarter4;finishing ;Thursday;1;0,7;0,649662222
1/22/2015;Quarter4;finishing ;Thursday;2;0,7;0,649662222
1/22/2015;Quarter4;finishing ;Thursday;6;0,8;0,626822917
1/22/2015;Quarter4;sweing;Thursday;12;0,6;0,600436426
1/22/2015;Quarter4;sweing;Thursday;7;0,6;0,60041361
1/22/2015;Quarter4;sweing;Thursday;8;0,8;0,555500132
1/22/2015;Quarter4;sweing;Thursday;9;0,5;0,500547544
1/22/2015;Quarter4;finishing ;Thursday;3;0,7;0,460578704
1/22/2015;Quarter4;finishing ;Thursday;8;0,8;0,397743056
1/22/2015;Quarter4;finishing ;Thursday;12;0,6;0,327407407
1/24/2015;Quarter4;finishing ;Saturday;5;0,7;0,966666667
1/24/2015;Quarter4;finishing ;Saturday;10;0,75;0,937242424
1/24/2015;Quarter4;finishing ;Saturday;8;0,8;0,910521886
1/24/2015;Quarter4;sweing;Saturday;2;0,75;0,90064806
1/24/2015;Quarter4;sweing;Saturday;4;0,75;0,900321106
1/24/2015;Quarter4;finishing ;Saturday;11;0,75;0,896022727
1/24/2015;Quarter4;finishing ;Saturday;3;0,75;0,895454545
1/24/2015;Quarter4;finishing ;Saturday;7;0,65;0,870580808
1/24/2015;Quarter4;finishing ;Saturday;12;0,7;0,858585859
1/24/2015;Quarter4;sweing;Saturday;1;0,7;0,800643806
1/24/2015;Quarter4;sweing;Saturday;10;0,75;0,80062987
1/24/2015;Quarter4;sweing;Saturday;6;0,8;0,800537143
1/24/2015;Quarter4;sweing;Saturday;3;0,75;0,80035194
1/24/2015;Quarter4;sweing;Saturday;12;0,75;0,750079323
1/24/2015;Quarter4;sweing;Saturday;11;0,75;0,750041201
1/24/2015;Quarter4;sweing;Saturday;5;0,7;0,700250784
1/24/2015;Quarter4;finishing ;Saturday;4;0,75;0,651515152
1/24/2015;Quarter4;sweing;Saturday;7;0,65;0,650416734
1/24/2015;Quarter4;sweing;Saturday;9;0,6;0,600125217
1/24/2015;Quarter4;finishing ;Saturday;2;0,75;0,578314394
1/24/2015;Quarter4;finishing ;Saturday;1;0,7;0,578314394
1/24/2015;Quarter4;sweing;Saturday;8;0,35;0,34998951
1/24/2015;Quarter4;finishing ;Saturday;9;0,6;0,261174242
1/25/2015;Quarter4;finishing ;Sunday;5;0,7;0,973796791
1/25/2015;Quarter4;finishing ;Sunday;2;0,75;0,970075758
1/25/2015;Quarter4;finishing ;Sunday;1;0,7;0,970075758
1/25/2015;Quarter4;finishing ;Sunday;3;0,75;0,961784512
1/25/2015;Quarter4;finishing ;Sunday;10;0,75;0,955151515
1/25/2015;Quarter4;finishing ;Sunday;4;0,75;0,952020202
1/25/2015;Quarter4;sweing;Sunday;4;0,75;0,900321106
1/25/2015;Quarter4;sweing;Sunday;2;0,75;0,850223776
1/25/2015;Quarter4;sweing;Sunday;1;0,7;0,800909609
1/25/2015;Quarter4;sweing;Sunday;3;0,75;0,800513307
1/25/2015;Quarter4;sweing;Sunday;6;0,8;0,800386364
1/25/2015;Quarter4;sweing;Sunday;10;0,75;0,800020563
1/25/2015;Quarter4;finishing ;Sunday;7;0,65;0,749188312
1/25/2015;Quarter4;sweing;Sunday;7;0,7;0,7005417
1/25/2015;Quarter4;sweing;Sunday;12;0,7;0,70043672
1/25/2015;Quarter4;sweing;Sunday;5;0,7;0,700250784
1/25/2015;Quarter4;sweing;Sunday;9;0,65;0,650407524
1/25/2015;Quarter4;finishing ;Sunday;12;0,7;0,618181818
1/25/2015;Quarter4;sweing;Sunday;11;0,75;0,59114168
1/25/2015;Quarter4;sweing;Sunday;8;0,5;0,500061916
1/25/2015;Quarter4;finishing ;Sunday;8;0,8;0,329545455
1/26/2015;Quarter4;finishing ;Monday;3;0,75;1,059,621,212
1/26/2015;Quarter4;finishing ;Monday;10;0,75;0,997792208
1/26/2015;Quarter4;finishing ;Monday;4;0,75;0,963699495
1/26/2015;Quarter4;finishing ;Monday;5;0,7;0,959191919
1/26/2015;Quarter4;finishing ;Monday;2;0,75;0,910378788
1/26/2015;Quarter4;finishing ;Monday;1;0,7;0,910378788
1/26/2015;Quarter4;sweing;Monday;4;0,8;0,850312684
1/26/2015;Quarter4;sweing;Monday;6;0,8;0,800386364
1/26/2015;Quarter4;sweing;Monday;3;0,75;0,80035194
1/26/2015;Quarter4;sweing;Monday;2;0,75;0,800034024
1/26/2015;Quarter4;sweing;Monday;1;0,7;0,800023511
1/26/2015;Quarter4;sweing;Monday;10;0,75;0,800020563
1/26/2015;Quarter4;finishing ;Monday;12;0,7;0,769292929
1/26/2015;Quarter4;sweing;Monday;5;0,75;0,750031447
1/26/2015;Quarter4;sweing;Monday;9;0,7;0,70061442
1/26/2015;Quarter4;sweing;Monday;12;0,7;0,70043672
1/26/2015;Quarter4;finishing ;Monday;7;0,65;0,646306818
1/26/2015;Quarter4;sweing;Monday;8;0,6;0,600143365
1/26/2015;Quarter4;sweing;Monday;11;0,35;0,350066986
1/27/2015;Quarter4;sweing;Tuesday;2;0,75;1,000,230,409
1/27/2015;Quarter4;sweing;Tuesday;3;0,75;1,000,230,409
1/27/2015;Quarter4;finishing ;Tuesday;10;0,8;0,979527778
1/27/2015;Quarter4;finishing ;Tuesday;4;0,8;0,940625
1/27/2015;Quarter4;finishing ;Tuesday;5;0,5;0,926388889
1/27/2015;Quarter4;sweing;Tuesday;10;0,8;0,900129762
1/27/2015;Quarter4;finishing ;Tuesday;3;0,75;0,861875
1/27/2015;Quarter4;sweing;Tuesday;4;0,8;0,850312684
1/27/2015;Quarter4;finishing ;Tuesday;8;0,65;0,845458333
1/27/2015;Quarter4;finishing ;Tuesday;12;0,7;0,823555556
1/27/2015;Quarter4;finishing ;Tuesday;7;0,5;0,803541667
1/27/2015;Quarter4;sweing;Tuesday;1;0,75;0,800263218
1/27/2015;Quarter4;finishing ;Tuesday;2;0,75;0,788
1/27/2015;Quarter4;finishing ;Tuesday;1;0,75;0,77815
1/27/2015;Quarter4;sweing;Tuesday;9;0,7;0,700386207
1/27/2015;Quarter4;sweing;Tuesday;12;0,7;0,700164706
1/27/2015;Quarter4;sweing;Tuesday;8;0,65;0,650307143
1/27/2015;Quarter4;sweing;Tuesday;6;0,8;0,622828125
1/27/2015;Quarter4;finishing ;Tuesday;6;0,8;0,6225
1/27/2015;Quarter4;sweing;Tuesday;5;0,5;0,500035345
1/27/2015;Quarter4;sweing;Tuesday;11;0,5;0,37046657
1/28/2015;Quarter4;sweing;Wednesday;2;0,8;1,000,230,409
1/28/2015;Quarter4;sweing;Wednesday;3;0,8;1,000,230,409
1/28/2015;Quarter4;finishing ;Wednesday;6;0,35;0,977555556
1/28/2015;Quarter4;finishing ;Wednesday;1;0,75;0,9456
1/28/2015;Quarter4;finishing ;Wednesday;2;0,8;0,902222222
1/28/2015;Quarter4;sweing;Wednesday;10;0,8;0,850532143
1/28/2015;Quarter4;sweing;Wednesday;1;0,75;0,850362069
1/28/2015;Quarter4;finishing ;Wednesday;10;0,8;0,840533333
1/28/2015;Quarter4;sweing;Wednesday;5;0,6;0,800534483
1/28/2015;Quarter4;sweing;Wednesday;4;0,8;0,800489676
1/28/2015;Quarter4;finishing ;Wednesday;12;0,75;0,755555556
1/28/2015;Quarter4;sweing;Wednesday;9;0,7;0,750593103
1/28/2015;Quarter4;sweing;Wednesday;12;0,75;0,750283333
1/28/2015;Quarter4;finishing ;Wednesday;4;0,8;0,722638889
1/28/2015;Quarter4;finishing ;Wednesday;8;0,65;0,553333333
1/28/2015;Quarter4;sweing;Wednesday;11;0,5;0,500567308
1/28/2015;Quarter4;sweing;Wednesday;8;0,7;0,467693269
1/28/2015;Quarter4;sweing;Wednesday;6;0,35;0,437995338
1/28/2015;Quarter4;finishing ;Wednesday;7;0,6;0,406354167
1/28/2015;Quarter4;sweing;Wednesday;7;0,6;0,285333333
1/28/2015;Quarter4;finishing ;Wednesday;11;0,5;0,259375
1/29/2015;Quarter5;sweing;Thursday;2;0,8;1,000,230,409
1/29/2015;Quarter5;finishing ;Thursday;4;0,8;0,989
1/29/2015;Quarter5;sweing;Thursday;3;0,8;0,950185965
1/29/2015;Quarter5;sweing;Thursday;4;0,8;0,9008
1/29/2015;Quarter5;sweing;Thursday;10;0,8;0,900129762
1/29/2015;Quarter5;finishing ;Thursday;6;0,5;0,899
1/29/2015;Quarter5;finishing ;Thursday;8;0,65;0,877552083
1/29/2015;Quarter5;finishing ;Thursday;11;0,6;0,864583333
1/29/2015;Quarter5;finishing ;Thursday;10;0,8;0,85695
1/29/2015;Quarter5;finishing ;Thursday;1;0,75;0,853666667
1/29/2015;Quarter5;sweing;Thursday;1;0,75;0,850362069
1/29/2015;Quarter5;sweing;Thursday;9;0,7;0,850170115
1/29/2015;Quarter5;sweing;Thursday;5;0,65;0,800473729
1/29/2015;Quarter5;finishing ;Thursday;2;0,8;0,773333333
1/29/2015;Quarter5;sweing;Thursday;12;0,75;0,750646667
1/29/2015;Quarter5;finishing ;Thursday;12;0,75;0,634666667
1/29/2015;Quarter5;sweing;Thursday;11;0,6;0,60059761
1/29/2015;Quarter5;sweing;Thursday;6;0,5;0,500117677
1/29/2015;Quarter5;finishing ;Thursday;3;0,8;0,4925
1/29/2015;Quarter5;sweing;Thursday;7;0,65;0,48792
1/31/2015;Quarter5;sweing;Saturday;3;0,8;1,000,457,471
1/31/2015;Quarter5;sweing;Saturday;2;0,8;1,000,230,409
1/31/2015;Quarter5;finishing ;Saturday;2;0,8;0,971866667
1/31/2015;Quarter5;finishing ;Saturday;3;0,8;0,971866667
1/31/2015;Quarter5;finishing ;Saturday;4;0,8;0,971866667
1/31/2015;Quarter5;finishing ;Saturday;10;0,8;0,971866667
1/31/2015;Quarter5;finishing ;Saturday;1;0,75;0,971866667
1/31/2015;Quarter5;finishing ;Saturday;9;0,75;0,971866667
1/31/2015;Quarter5;finishing ;Saturday;12;0,75;0,971866667
1/31/2015;Quarter5;finishing ;Saturday;5;0,7;0,971866667
1/31/2015;Quarter5;finishing ;Saturday;7;0,7;0,971866667
1/31/2015;Quarter5;finishing ;Saturday;8;0,65;0,971866667
1/31/2015;Quarter5;finishing ;Saturday;11;0,65;0,971866667
1/31/2015;Quarter5;finishing ;Saturday;6;0,6;0,971866667
1/31/2015;Quarter5;sweing;Saturday;10;0,8;0,920236905
1/31/2015;Quarter5;sweing;Saturday;4;0,8;0,900537069
1/31/2015;Quarter5;sweing;Saturday;9;0,75;0,850610526
1/31/2015;Quarter5;sweing;Saturday;1;0,75;0,850362069
1/31/2015;Quarter5;sweing;Saturday;12;0,75;0,750646667
1/31/2015;Quarter5;sweing;Saturday;5;0,7;0,656763743
1/31/2015;Quarter5;sweing;Saturday;11;0,65;0,650148148
1/31/2015;Quarter5;sweing;Saturday;6;0,6;0,600710606
1/31/2015;Quarter5;sweing;Saturday;7;0,7;0,388830357
1/31/2015;Quarter5;sweing;Saturday;8;0,5;0,286984568
2/01/2015;Quarter1;finishing ;Sunday;8;0,65;10,115,625
2/01/2015;Quarter1;sweing;Sunday;2;0,8;1,000,671,304
2/01/2015;Quarter1;sweing;Sunday;1;0,8;1,000,402,055
2/01/2015;Quarter1;finishing ;Sunday;1;0,75;0,950438596
2/01/2015;Quarter1;sweing;Sunday;3;0,8;0,950185965
2/01/2015;Quarter1;finishing ;Sunday;2;0,8;0,912766667
2/01/2015;Quarter1;finishing ;Sunday;7;0,7;0,892194444
2/01/2015;Quarter1;finishing ;Sunday;10;0,8;0,8865
2/01/2015;Quarter1;sweing;Sunday;10;0,8;0,850532143
2/01/2015;Quarter1;sweing;Sunday;4;0,8;0,85011396
2/01/2015;Quarter1;finishing ;Sunday;4;0,8;0,845069444
2/01/2015;Quarter1;sweing;Sunday;9;0,75;0,750593103
2/01/2015;Quarter1;sweing;Sunday;12;0,75;0,750450658
2/01/2015;Quarter1;finishing ;Sunday;12;0,75;0,702666667
2/01/2015;Quarter1;sweing;Sunday;11;0,7;0,700508929
2/01/2015;Quarter1;sweing;Sunday;6;0,65;0,651007071
2/01/2015;Quarter1;sweing;Sunday;8;0,6;0,466821212
2/01/2015;Quarter1;sweing;Sunday;7;0,7;0,411553571
2/01/2015;Quarter1;finishing ;Sunday;6;0,6;0,314166667
2/02/2015;Quarter1;sweing;Monday;1;0,8;1,000,602,279
2/02/2015;Quarter1;finishing ;Monday;9;0,75;0,994270833
2/02/2015;Quarter1;sweing;Monday;2;0,8;0,900158405
2/02/2015;Quarter1;sweing;Monday;3;0,8;0,90014152
2/02/2015;Quarter1;sweing;Monday;10;0,8;0,900129762
2/02/2015;Quarter1;finishing ;Monday;10;0,8;0,85695
2/02/2015;Quarter1;finishing ;Monday;4;0,8;0,809236111
2/02/2015;Quarter1;sweing;Monday;12;0,8;0,800401961
2/02/2015;Quarter1;sweing;Monday;4;0,8;0,800393224
2/02/2015;Quarter1;sweing;Monday;9;0,75;0,799963218
2/02/2015;Quarter1;finishing ;Monday;12;0,75;0,740444444
2/02/2015;Quarter1;sweing;Monday;11;0,7;0,700398148
2/02/2015;Quarter1;sweing;Monday;6;0,7;0,700354545
2/02/2015;Quarter1;finishing ;Monday;8;0,65;0,561979167
2/02/2015;Quarter1;finishing ;Monday;1;0,75;0,504596491
2/02/2015;Quarter1;sweing;Monday;5;0,5;0,500801724
2/02/2015;Quarter1;sweing;Monday;7;0,7;0,295307738
2/02/2015;Quarter1;finishing ;Monday;6;0,6;0,280333333
2/02/2015;Quarter1;sweing;Monday;8;0,65;0,260978788
2/03/2015;Quarter1;finishing ;Tuesday;2;0,8;1,001,416,667
2/03/2015;Quarter1;sweing;Tuesday;1;0,8;1,000,018,551
2/03/2015;Quarter1;sweing;Tuesday;10;0,8;0,999995238
2/03/2015;Quarter1;finishing ;Tuesday;1;0,8;0,99485
2/03/2015;Quarter1;finishing ;Tuesday;8;0,7;0,976979167
2/03/2015;Quarter1;sweing;Tuesday;3;0,8;0,950185965
2/03/2015;Quarter1;sweing;Tuesday;2;0,8;0,949981609
2/03/2015;Quarter1;finishing ;Tuesday;9;0,75;0,919954545
2/03/2015;Quarter1;sweing;Tuesday;4;0,8;0,800434622
2/03/2015;Quarter1;sweing;Tuesday;12;0,8;0,800259023
2/03/2015;Quarter1;finishing ;Tuesday;12;0,8;0,778222222
2/03/2015;Quarter1;sweing;Tuesday;9;0,75;0,750593103
2/03/2015;Quarter1;sweing;Tuesday;11;0,7;0,700513566
2/03/2015;Quarter1;sweing;Tuesday;6;0,7;0,700184577
2/03/2015;Quarter1;sweing;Tuesday;8;0,7;0,586465465
2/03/2015;Quarter1;sweing;Tuesday;7;0,7;0,541517857
2/03/2015;Quarter1;finishing ;Tuesday;4;0,8;0,5375
2/03/2015;Quarter1;finishing ;Tuesday;6;0,7;0,495416667
2/03/2015;Quarter1;sweing;Tuesday;5;0,6;0,415172414
2/04/2015;Quarter1;sweing;Wednesday;2;0,8;105,028,058
2/04/2015;Quarter1;sweing;Wednesday;3;0,8;1,000,230,409
2/04/2015;Quarter1;sweing;Wednesday;10;0,8;0,999995238
2/04/2015;Quarter1;finishing;Wednesday;2;0,8;0,966759259
2/04/2015;Quarter1;finishing;Wednesday;1;0,8;0,929183333
2/04/2015;Quarter1;finishing;Wednesday;8;0,7;0,915766667
2/04/2015;Quarter1;sweing;Wednesday;1;0,8;0,900147246
2/04/2015;Quarter1;sweing;Wednesday;12;0,8;0,800401961
2/04/2015;Quarter1;sweing;Wednesday;9;0,8;0,799963218
2/04/2015;Quarter1;finishing;Wednesday;7;0,7;0,779791667
2/04/2015;Quarter1;finishing;Wednesday;9;0,75;0,755166667
2/04/2015;Quarter1;sweing;Wednesday;6;0,7;0,700710417
2/04/2015;Quarter1;sweing;Wednesday;7;0,7;0,700612069
2/04/2015;Quarter1;sweing;Wednesday;11;0,7;0,700278846
2/04/2015;Quarter1;sweing;Wednesday;8;0,7;0,700135088
2/04/2015;Quarter1;finishing ;Wednesday;12;0,8;0,687555556
2/04/2015;Quarter1;sweing;Wednesday;5;0,65;0,650834808
2/04/2015;Quarter1;finishing;Wednesday;6;0,7;0,531666667
2/04/2015;Quarter1;sweing;Wednesday;4;0,35;0,350706422
2/05/2015;Quarter1;sweing;Thursday;2;0,8;1,000,446,018
2/05/2015;Quarter1;sweing;Thursday;1;0,8;1,000,018,551
2/05/2015;Quarter1;sweing;Thursday;10;0,8;0,999995238
2/05/2015;Quarter1;finishing;Thursday;2;0,8;0,999924242
2/05/2015;Quarter1;sweing;Thursday;3;0,8;0,950185965
2/05/2015;Quarter1;finishing;Thursday;6;0,7;0,9425
2/05/2015;Quarter1;finishing;Thursday;12;0,8;0,906666667
2/05/2015;Quarter1;finishing;Thursday;7;0,7;0,8471
2/05/2015;Quarter1;finishing;Thursday;1;0,8;0,845458333
2/05/2015;Quarter1;sweing;Thursday;12;0,8;0,800612676
2/05/2015;Quarter1;sweing;Thursday;9;0,8;0,799963218
2/05/2015;Quarter1;finishing;Thursday;10;0,8;0,771583333
2/05/2015;Quarter1;sweing;Thursday;11;0,75;0,7504
2/05/2015;Quarter1;sweing;Thursday;6;0,7;0,700079032
2/05/2015;Quarter1;sweing;Thursday;5;0,7;0,562212644
2/05/2015;Quarter1;sweing;Thursday;7;0,07;0,522844828
2/05/2015;Quarter1;sweing;Thursday;4;0,5;0,500720126
2/05/2015;Quarter1;sweing;Thursday;8;0,7;0,496549708
2/07/2015;Quarter1;finishing;Saturday;2;0,8;1,050,666,667
2/07/2015;Quarter1;sweing;Saturday;2;0,8;1,000,018,551
2/07/2015;Quarter1;sweing;Saturday;3;0,8;0,950185965
2/07/2015;Quarter1;sweing;Saturday;1;0,8;0,900135693
2/07/2015;Quarter1;sweing;Saturday;10;0,8;0,900129762
2/07/2015;Quarter1;finishing;Saturday;12;0,8;0,899111111
2/07/2015;Quarter1;finishing;Saturday;1;0,8;0,870083333
2/07/2015;Quarter1;finishing;Saturday;6;0,75;0,845833333
2/07/2015;Quarter1;sweing;Saturday;12;0,8;0,800401961
2/07/2015;Quarter1;sweing;Saturday;9;0,8;0,799963218
2/07/2015;Quarter1;finishing;Saturday;9;0,8;0,771583333
2/07/2015;Quarter1;sweing;Saturday;6;0,75;0,750520115
2/07/2015;Quarter1;sweing;Saturday;11;0,75;0,750027778
2/07/2015;Quarter1;finishing;Saturday;7;0,7;0,715766667
2/07/2015;Quarter1;sweing;Saturday;7;0,7;0,662270115
2/07/2015;Quarter1;sweing;Saturday;4;0,6;0,600224189
2/07/2015;Quarter1;sweing;Saturday;5;0,7;0,545657673
2/07/2015;Quarter1;finishing;Saturday;4;0,8;0,447916667
2/07/2015;Quarter1;sweing;Saturday;8;0,7;0,365318713
2/08/2015;Quarter2;sweing;Sunday;2;0,8;1,000,018,551
2/08/2015;Quarter2;finishing;Sunday;7;0,7;0,928680556
2/08/2015;Quarter2;sweing;Sunday;10;0,8;0,9008
2/08/2015;Quarter2;sweing;Sunday;1;0,8;0,900135693
2/08/2015;Quarter2;sweing;Sunday;3;0,8;0,900129762
2/08/2015;Quarter2;finishing;Sunday;1;0,8;0,893066667
2/08/2015;Quarter2;finishing;Sunday;12;0,8;0,891555556
2/08/2015;Quarter2;finishing;Sunday;2;0,8;0,875555556
2/08/2015;Quarter2;finishing;Sunday;8;0,7;0,840888889
2/08/2015;Quarter2;sweing;Sunday;12;0,8;0,800355208
2/08/2015;Quarter2;sweing;Sunday;9;0,8;0,799963218
2/08/2015;Quarter2;sweing;Sunday;6;0,75;0,75065101
2/08/2015;Quarter2;sweing;Sunday;11;0,75;0,750027778
2/08/2015;Quarter2;sweing;Sunday;5;0,7;0,700618234
2/08/2015;Quarter2;finishing;Sunday;6;0,75;0,610208333
2/08/2015;Quarter2;finishing;Sunday;9;0,8;0,607416667
2/08/2015;Quarter2;sweing;Sunday;4;0,65;0,568259587
2/08/2015;Quarter2;sweing;Sunday;7;0,7;0,355534483
2/08/2015;Quarter2;sweing;Sunday;8;0,7;0,353259649
2/09/2015;Quarter2;finishing;Monday;2;0,8;1,057,962,963
2/09/2015;Quarter2;finishing;Monday;1;0,8;0,962016667
2/09/2015;Quarter2;sweing;Monday;10;0,8;0,9008
2/09/2015;Quarter2;sweing;Monday;1;0,8;0,900509044
2/09/2015;Quarter2;sweing;Monday;2;0,8;0,900477825
2/09/2015;Quarter2;finishing;Monday;6;0,75;0,888125
2/09/2015;Quarter2;sweing;Monday;12;0,8;0,800401961
2/09/2015;Quarter2;sweing;Monday;3;0,8;0,800161172
2/09/2015;Quarter2;sweing;Monday;9;0,8;0,799963218
2/09/2015;Quarter2;sweing;Monday;4;0,7;0,790003236
2/09/2015;Quarter2;sweing;Monday;11;0,75;0,750648148
2/09/2015;Quarter2;finishing;Monday;8;0,35;0,707111111
2/09/2015;Quarter2;sweing;Monday;5;0,7;0,700618234
2/09/2015;Quarter2;finishing;Monday;9;0,8;0,697708333
2/09/2015;Quarter2;sweing;Monday;6;0,75;0,612517157
2/09/2015;Quarter2;sweing;Monday;7;0,35;0,350301724
2/09/2015;Quarter2;sweing;Monday;8;0,35;0,350301724
2/09/2015;Quarter2;finishing;Monday;12;0,8;0,272
2/10/2015;Quarter2;finishing;Tuesday;12;0,8;1,004,888,889
2/10/2015;Quarter2;finishing;Tuesday;2;0,8;0,966759259
2/10/2015;Quarter2;sweing;Tuesday;10;0,8;0,90063244
2/10/2015;Quarter2;sweing;Tuesday;1;0,8;0,90047076
2/10/2015;Quarter2;sweing;Tuesday;3;0,8;0,90047076
2/10/2015;Quarter2;sweing;Tuesday;2;0,8;0,899984058
2/10/2015;Quarter2;finishing;Tuesday;1;0,8;0,853666667
2/10/2015;Quarter2;sweing;Tuesday;9;0,8;0,8008
2/10/2015;Quarter2;sweing;Tuesday;12;0,8;0,800401961
2/10/2015;Quarter2;finishing;Tuesday;4;0,7;0,796755556
2/10/2015;Quarter2;sweing;Tuesday;6;0,75;0,750797009
2/10/2015;Quarter2;sweing;Tuesday;11;0,8;0,750648148
2/10/2015;Quarter2;sweing;Tuesday;5;0,75;0,750356125
2/10/2015;Quarter2;finishing;Tuesday;8;0,35;0,703770833
2/10/2015;Quarter2;sweing;Tuesday;4;0,7;0,700618234
2/10/2015;Quarter2;finishing;Tuesday;9;0,8;0,6895
2/10/2015;Quarter2;finishing;Tuesday;6;0,75;0,628333333
2/10/2015;Quarter2;sweing;Tuesday;7;0,5;0,500801724
2/10/2015;Quarter2;sweing;Tuesday;8;0,5;0,393548851
2/11/2015;Quarter2;finishing;Wednesday;4;0,7;1,033,155,556
2/11/2015;Quarter2;finishing;Wednesday;12;0,8;1,02
2/11/2015;Quarter2;sweing;Wednesday;2;0,8;1,000,344,928
2/11/2015;Quarter2;sweing;Wednesday;1;0,8;1,000,065,789
2/11/2015;Quarter2;finishing;Wednesday;8;0,35;0,994375
2/11/2015;Quarter2;finishing;Wednesday;2;0,8;0,912037037
2/11/2015;Quarter2;finishing;Wednesday;5;0,7;0,87
2/11/2015;Quarter2;sweing;Wednesday;10;0,8;0,850364583
2/11/2015;Quarter2;sweing;Wednesday;6;0,8;0,800947475
2/11/2015;Quarter2;sweing;Wednesday;12;0,8;0,800401961
2/11/2015;Quarter2;sweing;Wednesday;9;0,8;0,800144144
2/11/2015;Quarter2;sweing;Wednesday;5;0,75;0,750406233
2/11/2015;Quarter2;sweing;Wednesday;8;0,6;0,714410494
2/11/2015;Quarter2;sweing;Wednesday;4;0,7;0,700588406
2/11/2015;Quarter2;finishing;Wednesday;1;0,8;0,618361111
2/11/2015;Quarter2;sweing;Wednesday;7;0,6;0,600070513
2/11/2015;Quarter2;finishing;Wednesday;9;0,8;0,54175
2/11/2015;Quarter2;sweing;Wednesday;3;0,8;0,536901754
2/11/2015;Quarter2;sweing;Wednesday;11;0,35;0,507903226
2/12/2015;Quarter2;sweing;Thursday;1;0,8;1,100,483,918
2/12/2015;Quarter2;finishing;Thursday;4;0,7;1,096,633,333
2/12/2015;Quarter2;sweing;Thursday;2;0,8;1,000,344,928
2/12/2015;Quarter2;finishing;Thursday;12;0,8;0,838666667
2/12/2015;Quarter2;sweing;Thursday;12;0,8;0,800401961
2/12/2015;Quarter2;finishing;Thursday;8;0,35;0,755486111
2/12/2015;Quarter2;sweing;Thursday;5;0,75;0,750799435
2/12/2015;Quarter2;sweing;Thursday;6;0,8;0,688017677
2/12/2015;Quarter2;finishing;Thursday;1;0,8;0,664875
2/12/2015;Quarter2;finishing;Thursday;9;0,8;0,656666667
2/12/2015;Quarter2;sweing;Thursday;4;0,7;0,637711864
2/12/2015;Quarter2;finishing;Thursday;2;0,8;0,601944444
2/12/2015;Quarter2;finishing;Thursday;5;0,7;0,58
2/12/2015;Quarter2;sweing;Thursday;7;0,65;0,535677966
2/12/2015;Quarter2;sweing;Thursday;11;0,5;0,50012336
2/12/2015;Quarter2;sweing;Thursday;9;0,8;0,497885057
2/12/2015;Quarter2;sweing;Thursday;8;0,65;0,463403955
2/12/2015;Quarter2;sweing;Thursday;10;0,8;0,441392
2/12/2015;Quarter2;sweing;Thursday;3;0,35;0,350301724
2/14/2015;Quarter2;sweing;Saturday;1;0,8;1,000,230,409
2/14/2015;Quarter2;finishing;Saturday;7;0,7;0,929277778
2/14/2015;Quarter2;finishing;Saturday;4;0,75;0,902916667
2/14/2015;Quarter2;finishing;Saturday;12;0,8;0,800888889
2/14/2015;Quarter2;sweing;Saturday;12;0,8;0,800401961
2/14/2015;Quarter2;sweing;Saturday;2;0,8;0,80037492
2/14/2015;Quarter2;finishing;Saturday;1;0,8;0,796208333
2/14/2015;Quarter2;sweing;Saturday;4;0,75;0,750392157
2/14/2015;Quarter2;sweing;Saturday;5;0,75;0,750392157
2/14/2015;Quarter2;finishing;Saturday;8;0,7;0,725625
2/14/2015;Quarter2;sweing;Saturday;8;0,7;0,700206125
2/14/2015;Quarter2;sweing;Saturday;7;0,7;0,602
2/14/2015;Quarter2;sweing;Saturday;11;0,6;0,600447507
2/14/2015;Quarter2;sweing;Saturday;6;0,8;0,557252451
2/14/2015;Quarter2;sweing;Saturday;3;0,5;0,500801724
2/14/2015;Quarter2;finishing;Saturday;6;0,8;0,483333333
2/14/2015;Quarter2;finishing;Saturday;9;0,8;0,238041667
2/15/2015;Quarter3;finishing;Sunday;1;0,8;11,204,375
2/15/2015;Quarter3;finishing;Sunday;2;0,8;1,108,125
2/15/2015;Quarter3;sweing;Sunday;1;0,8;1,000,230,409
2/15/2015;Quarter3;finishing;Sunday;12;0,8;0,876444444
2/15/2015;Quarter3;sweing;Sunday;12;0,8;0,800806306
2/15/2015;Quarter3;finishing;Sunday;5;0,75;0,760833333
2/15/2015;Quarter3;sweing;Sunday;5;0,8;0,722568627
2/15/2015;Quarter3;finishing;Sunday;11;0,6;0,715333333
2/15/2015;Quarter3;sweing;Sunday;7;0,7;0,700632768
2/15/2015;Quarter3;sweing;Sunday;8;0,7;0,700573099
2/15/2015;Quarter3;sweing;Sunday;6;0,75;0,681598039
2/15/2015;Quarter3;sweing;Sunday;11;0,65;0,650223718
2/15/2015;Quarter3;finishing;Sunday;8;0,7;0,605208333
2/15/2015;Quarter3;finishing;Sunday;6;0,8;0,604166667
2/15/2015;Quarter3;sweing;Sunday;4;0,75;0,598627451
2/15/2015;Quarter3;sweing;Sunday;3;0,6;0,475718391
2/15/2015;Quarter3;sweing;Sunday;2;0,8;0,432122899
2/15/2015;Quarter3;finishing;Sunday;4;0,75;0,287041667
2/15/2015;Quarter3;sweing;Sunday;9;0,5;0,283054487
2/16/2015;Quarter3;sweing;Monday;1;0,8;1,000,230,409
2/16/2015;Quarter3;finishing;Monday;9;0,8;0,960433333
2/16/2015;Quarter3;finishing;Monday;12;0,8;0,891555556
2/16/2015;Quarter3;finishing;Monday;3;0,5;0,864583333
2/16/2015;Quarter3;sweing;Monday;3;0,65;0,802243319
2/16/2015;Quarter3;sweing;Monday;5;0,8;0,800980392
2/16/2015;Quarter3;sweing;Monday;12;0,8;0,800312375
2/16/2015;Quarter3;finishing;Monday;6;0,8;0,773333333
2/16/2015;Quarter3;sweing;Monday;6;0,75;0,75065101
2/16/2015;Quarter3;sweing;Monday;4;0,75;0,750356125
2/16/2015;Quarter3;finishing;Monday;4;0,75;0,722333333
2/16/2015;Quarter3;sweing;Monday;7;0,7;0,700459889
2/16/2015;Quarter3;finishing;Monday;5;0,75;0,629416667
2/16/2015;Quarter3;sweing;Monday;8;0,7;0,621971751
2/16/2015;Quarter3;sweing;Monday;11;0,7;0,565972222
2/16/2015;Quarter3;sweing;Monday;10;0,6;0,35542803
2/16/2015;Quarter3;sweing;Monday;9;0,6;0,329964879
2/16/2015;Quarter3;finishing;Monday;7;0,7;0,258
2/17/2015;Quarter3;sweing;Tuesday;1;0,8;1,000,230,409
2/17/2015;Quarter3;finishing;Tuesday;10;0,8;0,927541667
2/17/2015;Quarter3;finishing;Tuesday;7;0,7;0,91375
2/17/2015;Quarter3;finishing;Tuesday;12;0,8;0,9025
2/17/2015;Quarter3;sweing;Tuesday;12;0,8;0,800401961
2/17/2015;Quarter3;finishing;Tuesday;3;0,5;0,7866
2/17/2015;Quarter3;sweing;Tuesday;6;0,75;0,750621354
2/17/2015;Quarter3;sweing;Tuesday;4;0,75;0,750356125
2/17/2015;Quarter3;finishing;Tuesday;6;0,8;0,749166667
2/17/2015;Quarter3;sweing;Tuesday;7;0,7;0,700888203
2/17/2015;Quarter3;sweing;Tuesday;11;0,7;0,700614035
2/17/2015;Quarter3;sweing;Tuesday;3;0,7;0,700603448
2/17/2015;Quarter3;finishing;Tuesday;4;0,75;0,656666667
2/17/2015;Quarter3;sweing;Tuesday;5;0,8;0,653431373
2/17/2015;Quarter3;sweing;Tuesday;9;0,65;0,650134
2/17/2015;Quarter3;sweing;Tuesday;8;0,6;0,600982906
2/17/2015;Quarter3;finishing;Tuesday;9;0,8;0,586041667
2/17/2015;Quarter3;finishing;Tuesday;2;0,8;0,5814
2/17/2015;Quarter3;sweing;Tuesday;2;0,5;0,361071429
2/17/2015;Quarter3;sweing;Tuesday;10;0,65;0,302117347
2/18/2015;Quarter3;finishing;Wednesday;12;0,8;0,9918
2/18/2015;Quarter3;finishing;Wednesday;6;0,8;0,936861111
2/18/2015;Quarter3;finishing;Wednesday;2;0,8;0,919125
2/18/2015;Quarter3;sweing;Wednesday;11;0,7;0,8211125
2/18/2015;Quarter3;sweing;Wednesday;4;0,8;0,800980392
2/18/2015;Quarter3;sweing;Wednesday;5;0,8;0,800980392
2/18/2015;Quarter3;sweing;Wednesday;12;0,8;0,800401961
2/18/2015;Quarter3;sweing;Wednesday;1;0,8;0,800279693
2/18/2015;Quarter3;sweing;Wednesday;6;0,75;0,75065101
2/18/2015;Quarter3;sweing;Wednesday;7;0,75;0,75053268
2/18/2015;Quarter3;finishing;Wednesday;4;0,75;0,734645833
2/18/2015;Quarter3;sweing;Wednesday;3;0,7;0,700603448
2/18/2015;Quarter3;sweing;Wednesday;9;0,7;0,70009573
2/18/2015;Quarter3;finishing;Wednesday;7;0,7;0,671875
2/18/2015;Quarter3;finishing;Wednesday;10;0,8;0,64025
2/18/2015;Quarter3;finishing;Wednesday;8;0,7;0,58
2/18/2015;Quarter3;finishing;Wednesday;9;0,8;0,549791667
2/18/2015;Quarter3;sweing;Wednesday;2;0,6;0,328131579
2/18/2015;Quarter3;sweing;Wednesday;10;0,7;0,303574468
2/18/2015;Quarter3;finishing;Wednesday;3;0,5;0,2565
2/18/2015;Quarter3;sweing;Wednesday;8;0,65;0,251399254
2/19/2015;Quarter3;finishing;Thursday;3;0,5;0,81640625
2/19/2015;Quarter3;sweing;Thursday;12;0,8;0,800711494
2/19/2015;Quarter3;sweing;Thursday;1;0,8;0,800470513
2/19/2015;Quarter3;sweing;Thursday;4;0,8;0,800094017
2/19/2015;Quarter3;sweing;Thursday;5;0,8;0,799982853
2/19/2015;Quarter3;finishing;Thursday;6;0,8;0,785864198
2/19/2015;Quarter3;sweing;Thursday;6;0,75;0,75065101
2/19/2015;Quarter3;finishing;Thursday;10;0,8;0,733277778
2/19/2015;Quarter3;finishing;Thursday;2;0,8;0,710125
2/19/2015;Quarter3;sweing;Thursday;3;0,7;0,700603448
2/19/2015;Quarter3;sweing;Thursday;11;0,7;0,700540441
2/19/2015;Quarter3;sweing;Thursday;8;0,7;0,7
2/19/2015;Quarter3;finishing;Thursday;4;0,75;0,684027778
2/19/2015;Quarter3;finishing;Thursday;8;0,7;0,672135417
2/19/2015;Quarter3;sweing;Thursday;9;0,7;0,638614379
2/19/2015;Quarter3;finishing;Thursday;5;0,75;0,631354167
2/19/2015;Quarter3;sweing;Thursday;7;0,75;0,611140537
2/19/2015;Quarter3;finishing;Thursday;12;0,8;0,609583333
2/19/2015;Quarter3;sweing;Thursday;2;0,65;0,585315789
2/19/2015;Quarter3;sweing;Thursday;10;0,7;0,249416667
2/22/2015;Quarter4;finishing;Sunday;3;0,5;0,8721
2/22/2015;Quarter4;finishing;Sunday;6;0,8;0,8319375
2/22/2015;Quarter4;finishing;Sunday;2;0,8;0,8300625
2/22/2015;Quarter4;finishing;Sunday;11;0,6;0,805555556
2/22/2015;Quarter4;sweing;Sunday;12;0,8;0,800401961
2/22/2015;Quarter4;sweing;Sunday;4;0,8;0,80000295
2/22/2015;Quarter4;finishing;Sunday;12;0,8;0,78375
2/22/2015;Quarter4;finishing;Sunday;9;0,8;0,753525
2/22/2015;Quarter4;sweing;Sunday;6;0,75;0,75065101
2/22/2015;Quarter4;finishing;Sunday;1;0,8;0,727349537
2/22/2015;Quarter4;sweing;Sunday;8;0,7;0,700614035
2/22/2015;Quarter4;sweing;Sunday;2;0,7;0,700605263
2/22/2015;Quarter4;sweing;Sunday;11;0,75;0,672140805
2/22/2015;Quarter4;sweing;Sunday;9;0,7;0,627011183
2/22/2015;Quarter4;sweing;Sunday;3;0,7;0,626577778
2/22/2015;Quarter4;sweing;Sunday;10;0,7;0,456875
2/22/2015;Quarter4;sweing;Sunday;7;0,75;0,393548851
2/22/2015;Quarter4;finishing;Sunday;10;0,8;0,385791667
2/22/2015;Quarter4;sweing;Sunday;5;0,8;0,307501459
2/22/2015;Quarter4;finishing;Sunday;7;0,7;0,283958333
2/23/2015;Quarter4;finishing;Monday;10;0,8;0,955791667
2/23/2015;Quarter4;finishing;Monday;8;0,7;0,930416667
2/23/2015;Quarter4;finishing;Monday;12;0,8;0,9025
2/23/2015;Quarter4;finishing;Monday;3;0,8;0,87115
2/23/2015;Quarter4;sweing;Monday;12;0,8;0,800401961
2/23/2015;Quarter4;sweing;Monday;4;0,8;0,800137255
2/23/2015;Quarter4;sweing;Monday;5;0,8;0,800137255
2/23/2015;Quarter4;sweing;Monday;7;0,75;0,750770115
2/23/2015;Quarter4;sweing;Monday;6;0,75;0,75065101
2/23/2015;Quarter4;sweing;Monday;11;0,75;0,750293939
2/23/2015;Quarter4;sweing;Monday;2;0,7;0,700623
2/23/2015;Quarter4;sweing;Monday;8;0,7;0,700614035
2/23/2015;Quarter4;sweing;Monday;3;0,7;0,700362069
2/23/2015;Quarter4;sweing;Monday;9;0,7;0,60128
2/23/2015;Quarter4;sweing;Monday;10;0,7;0,417916667
2/23/2015;Quarter4;finishing;Monday;6;0,8;0,3715625
2/23/2015;Quarter4;finishing;Monday;9;0,8;0,3715625
2/23/2015;Quarter4;finishing;Monday;2;0,8;0,36871875
2/23/2015;Quarter4;finishing;Monday;7;0,7;0,356458333
2/24/2015;Quarter4;finishing;Tuesday;10;0,7;0,902222222
2/24/2015;Quarter4;finishing;Tuesday;3;0,8;0,811388889
2/24/2015;Quarter4;sweing;Tuesday;12;0,8;0,800401961
2/24/2015;Quarter4;sweing;Tuesday;5;0,8;0,800137255
2/24/2015;Quarter4;sweing;Tuesday;4;0,8;0,800071839
2/24/2015;Quarter4;finishing;Tuesday;8;0,7;0,791458333
2/24/2015;Quarter4;sweing;Tuesday;7;0,75;0,750727326
2/24/2015;Quarter4;sweing;Tuesday;6;0,75;0,75065101
2/24/2015;Quarter4;sweing;Tuesday;11;0,75;0,750437269
2/24/2015;Quarter4;sweing;Tuesday;3;0,75;0,750176991
2/24/2015;Quarter4;finishing;Tuesday;6;0,75;0,726933333
2/24/2015;Quarter4;finishing;Tuesday;9;0,7;0,726933333
2/24/2015;Quarter4;sweing;Tuesday;2;0,7;0,700623
2/24/2015;Quarter4;sweing;Tuesday;8;0,7;0,700518519
2/24/2015;Quarter4;sweing;Tuesday;9;0,7;0,700256795
2/24/2015;Quarter4;finishing;Tuesday;11;0,7;0,5046875
2/24/2015;Quarter4;sweing;Tuesday;10;0,7;0,471108491
2/24/2015;Quarter4;finishing;Tuesday;2;0,7;0,325
2/24/2015;Quarter4;sweing;Tuesday;1;0,6;0,268214286
2/25/2015;Quarter4;sweing;Wednesday;9;0,75;0,970816667
2/25/2015;Quarter4;finishing;Wednesday;5;0,8;0,902962963
2/25/2015;Quarter4;finishing;Wednesday;3;0,8;0,900833333
2/25/2015;Quarter4;finishing;Wednesday;12;0,8;0,899555556
2/25/2015;Quarter4;finishing;Wednesday;10;0,7;0,845833333
2/25/2015;Quarter4;sweing;Wednesday;4;0,8;0,800808642
2/25/2015;Quarter4;sweing;Wednesday;12;0,8;0,800401961
2/25/2015;Quarter4;sweing;Wednesday;7;0,8;0,800115819
2/25/2015;Quarter4;sweing;Wednesday;6;0,75;0,75065101
2/25/2015;Quarter4;sweing;Wednesday;11;0,75;0,750503571
2/25/2015;Quarter4;sweing;Wednesday;3;0,75;0,750206897
2/25/2015;Quarter4;sweing;Wednesday;8;0,7;0,700362069
2/25/2015;Quarter4;sweing;Wednesday;2;0,7;0,700069811
2/25/2015;Quarter4;sweing;Wednesday;10;0,7;0,700058333
2/25/2015;Quarter4;finishing;Wednesday;7;0,75;0,676666667
2/25/2015;Quarter4;finishing;Wednesday;8;0,7;0,658541667
2/25/2015;Quarter4;sweing;Wednesday;5;0,8;0,598792339
2/25/2015;Quarter4;sweing;Wednesday;1;0,65;0,581130952
2/25/2015;Quarter4;finishing;Wednesday;2;0,7;0,440375
2/25/2015;Quarter4;finishing;Wednesday;6;0,75;0,410833333
2/25/2015;Quarter4;finishing;Wednesday;9;0,7;0,410833333
2/26/2015;Quarter4;finishing;Thursday;3;0,8;0,921703704
2/26/2015;Quarter4;finishing;Thursday;5;0,8;0,921604938
2/26/2015;Quarter4;sweing;Thursday;7;0,8;0,800808642
2/26/2015;Quarter4;sweing;Thursday;11;0,8;0,800516667
2/26/2015;Quarter4;sweing;Thursday;12;0,8;0,800401961
2/26/2015;Quarter4;finishing;Thursday;1;0,5;0,768847222
2/26/2015;Quarter4;sweing;Thursday;6;0,75;0,75065101
2/26/2015;Quarter4;sweing;Thursday;3;0,75;0,750473684
2/26/2015;Quarter4;sweing;Thursday;9;0,75;0,750371895
2/26/2015;Quarter4;sweing;Thursday;8;0,75;0,750206897
2/26/2015;Quarter4;sweing;Thursday;10;0,7;0,700251773
2/26/2015;Quarter4;sweing;Thursday;2;0,7;0,66237931
2/26/2015;Quarter4;finishing;Thursday;12;0,8;0,590617284
2/26/2015;Quarter4;finishing;Thursday;2;0,7;0,5565625
2/26/2015;Quarter4;sweing;Thursday;4;0,8;0,495617514
2/26/2015;Quarter4;sweing;Thursday;5;0,35;0,449964912
2/26/2015;Quarter4;finishing;Thursday;10;0,7;0,410833333
2/26/2015;Quarter4;finishing;Thursday;9;0,75;0,4078125
2/26/2015;Quarter4;sweing;Thursday;1;0,35;0,378895152
2/26/2015;Quarter4;finishing;Thursday;8;0,75;0,376597222
2/26/2015;Quarter4;finishing;Thursday;6;0,75;0,271875
2/28/2015;Quarter4;finishing;Saturday;3;0,8;0,921703704
2/28/2015;Quarter4;finishing;Saturday;5;0,8;0,921604938
2/28/2015;Quarter4;sweing;Saturday;11;0,8;0,800779018
2/28/2015;Quarter4;sweing;Saturday;12;0,8;0,800260821
2/28/2015;Quarter4;sweing;Saturday;7;0,8;0,799982853
2/28/2015;Quarter4;finishing;Saturday;1;0,5;0,768847222
2/28/2015;Quarter4;sweing;Saturday;3;0,75;0,750716981
2/28/2015;Quarter4;sweing;Saturday;6;0,75;0,75065101
2/28/2015;Quarter4;sweing;Saturday;8;0,75;0,750425926
2/28/2015;Quarter4;sweing;Saturday;9;0,75;0,750395513
2/28/2015;Quarter4;sweing;Saturday;10;0,7;0,700236601
2/28/2015;Quarter4;sweing;Saturday;2;0,7;0,700211111
2/28/2015;Quarter4;finishing;Saturday;12;0,8;0,590617284
2/28/2015;Quarter4;finishing;Saturday;2;0,7;0,5565625
2/28/2015;Quarter4;sweing;Saturday;5;0,5;0,550403509
2/28/2015;Quarter4;sweing;Saturday;1;0,5;0,550349708
2/28/2015;Quarter4;sweing;Saturday;4;0,5;0,500258046
2/28/2015;Quarter4;finishing;Saturday;10;0,7;0,410833333
2/28/2015;Quarter4;finishing;Saturday;9;0,75;0,4078125
2/28/2015;Quarter4;finishing;Saturday;8;0,75;0,376597222
2/28/2015;Quarter4;finishing;Saturday;6;0,75;0,271875
3/01/2015;Quarter1;finishing;Sunday;3;0,8;0,936355556
3/01/2015;Quarter1;finishing;Sunday;8;0,75;0,813611111
3/01/2015;Quarter1;sweing;Sunday;12;0,8;0,800401961
3/01/2015;Quarter1;sweing;Sunday;8;0,75;0,75075
3/01/2015;Quarter1;sweing;Sunday;6;0,75;0,75065101
3/01/2015;Quarter1;sweing;Sunday;3;0,75;0,750473684
3/01/2015;Quarter1;sweing;Sunday;9;0,75;0,750395513
3/01/2015;Quarter1;sweing;Sunday;5;0,6;0,707446429
3/01/2015;Quarter1;sweing;Sunday;10;0,7;0,700236601
3/01/2015;Quarter1;sweing;Sunday;1;0,6;0,700019883
3/01/2015;Quarter1;sweing;Sunday;2;0,7;0,683550607
3/01/2015;Quarter1;sweing;Sunday;11;0,8;0,682433036
3/01/2015;Quarter1;finishing;Sunday;4;0,6;0,673083333
3/01/2015;Quarter1;finishing;Sunday;10;0,7;0,664583333
3/01/2015;Quarter1;sweing;Sunday;4;0,6;0,600239766
3/01/2015;Quarter1;finishing;Sunday;2;0,7;0,585
3/01/2015;Quarter1;sweing;Sunday;7;0,8;0,579511494
3/01/2015;Quarter1;finishing;Sunday;1;0,6;0,448722222
3/01/2015;Quarter1;finishing;Sunday;9;0,75;0,447083333
3/01/2015;Quarter1;finishing;Sunday;7;0,8;0,350416667
3/02/2015;Quarter1;finishing;Monday;2;0,7;0,92885
3/02/2015;Quarter1;finishing;Monday;3;0,8;0,86037037
3/02/2015;Quarter1;finishing;Monday;4;0,65;0,806879167
3/02/2015;Quarter1;sweing;Monday;1;0,65;0,800579532
3/02/2015;Quarter1;sweing;Monday;12;0,8;0,800401961
3/02/2015;Quarter1;finishing;Monday;9;0,75;0,8004
3/02/2015;Quarter1;sweing;Monday;11;0,8;0,800309211
3/02/2015;Quarter1;sweing;Monday;3;0,8;0,800149813
3/02/2015;Quarter1;sweing;Monday;7;0,8;0,800115819
3/02/2015;Quarter1;finishing;Monday;8;0,75;0,773333333
3/02/2015;Quarter1;sweing;Monday;6;0,75;0,750797009
3/02/2015;Quarter1;sweing;Monday;8;0,75;0,750473684
3/02/2015;Quarter1;sweing;Monday;9;0,75;0,750395513
3/02/2015;Quarter1;sweing;Monday;4;0,65;0,750254867
3/02/2015;Quarter1;sweing;Monday;5;0,65;0,700903571
3/02/2015;Quarter1;sweing;Monday;10;0,7;0,70013604
3/02/2015;Quarter1;finishing;Monday;10;0,7;0,632361111
3/02/2015;Quarter1;finishing;Monday;12;0,8;0,607654321
3/02/2015;Quarter1;finishing;Monday;1;0,65;0,537919444
3/02/2015;Quarter1;finishing;Monday;7;0,8;0,342361111
3/03/2015;Quarter1;finishing;Tuesday;7;0,8;0,999533333
3/03/2015;Quarter1;finishing;Tuesday;3;0,8;0,902962963
3/03/2015;Quarter1;sweing;Tuesday;11;0,8;0,800701754
3/03/2015;Quarter1;sweing;Tuesday;1;0,7;0,800566092
3/03/2015;Quarter1;sweing;Tuesday;12;0,8;0,800401961
3/03/2015;Quarter1;sweing;Tuesday;3;0,8;0,800333333
3/03/2015;Quarter1;sweing;Tuesday;7;0,8;0,800115819
3/03/2015;Quarter1;sweing;Tuesday;4;0,7;0,750770115
3/03/2015;Quarter1;sweing;Tuesday;8;0,75;0,750473684
3/03/2015;Quarter1;sweing;Tuesday;9;0,75;0,750395513
3/03/2015;Quarter1;sweing;Tuesday;6;0,75;0,750212553
3/03/2015;Quarter1;finishing;Tuesday;8;0,75;0,702777778
3/03/2015;Quarter1;sweing;Tuesday;5;0,7;0,700659649
3/03/2015;Quarter1;sweing;Tuesday;10;0,7;0,699984417
3/03/2015;Quarter1;finishing;Tuesday;12;0,8;0,636049383
3/03/2015;Quarter1;finishing;Tuesday;2;0,4;0,567377778
3/03/2015;Quarter1;finishing;Tuesday;1;0,7;0,555430556
3/03/2015;Quarter1;finishing;Tuesday;4;0,7;0,555430556
3/03/2015;Quarter1;finishing;Tuesday;10;0,7;0,463194444
3/03/2015;Quarter1;finishing;Tuesday;5;0,7;0,354444444
3/03/2015;Quarter1;finishing;Tuesday;6;0,75;0,309333333
3/03/2015;Quarter1;sweing;Tuesday;2;0,4;0,30277037
3/04/2015;Quarter1;finishing;Wednesday;3;0,8;0,939166667
3/04/2015;Quarter1;finishing;Wednesday;8;0,8;0,930416667
3/04/2015;Quarter1;finishing;Wednesday;12;0,8;0,885925926
3/04/2015;Quarter1;finishing;Wednesday;9;0,75;0,83375
3/04/2015;Quarter1;finishing;Wednesday;1;0,7;0,806879167
3/04/2015;Quarter1;finishing;Wednesday;4;0,7;0,806058333
3/04/2015;Quarter1;sweing;Wednesday;11;0,8;0,800701754
3/04/2015;Quarter1;sweing;Wednesday;12;0,8;0,800401961
3/04/2015;Quarter1;sweing;Wednesday;3;0,8;0,800333333
3/04/2015;Quarter1;sweing;Wednesday;7;0,8;0,800055762
3/04/2015;Quarter1;sweing;Wednesday;4;0,7;0,799975862
3/04/2015;Quarter1;sweing;Wednesday;1;0,7;0,750651724
3/04/2015;Quarter1;sweing;Wednesday;9;0,75;0,750395513
3/04/2015;Quarter1;sweing;Wednesday;5;0,7;0,700424138
3/04/2015;Quarter1;sweing;Wednesday;10;0,7;0,700058333
3/04/2015;Quarter1;finishing;Wednesday;7;0,8;0,684888889
3/04/2015;Quarter1;finishing;Wednesday;5;0,7;0,592083333
3/04/2015;Quarter1;finishing;Wednesday;2;0,5;0,5403125
3/04/2015;Quarter1;sweing;Wednesday;8;0,8;0,433263158
3/04/2015;Quarter1;sweing;Wednesday;2;0,5;0,404144928
3/04/2015;Quarter1;sweing;Wednesday;6;0,75;0,332146465
3/05/2015;Quarter1;finishing;Thursday;8;0,8;0,980984848
3/05/2015;Quarter1;finishing;Thursday;2;0,6;0,950625
3/05/2015;Quarter1;finishing;Thursday;11;0,8;0,927291667
3/05/2015;Quarter1;finishing;Thursday;12;0,8;0,868888889
3/05/2015;Quarter1;finishing;Thursday;1;0,7;0,812625
3/05/2015;Quarter1;finishing;Thursday;4;0,7;0,812625
3/05/2015;Quarter1;finishing;Thursday;3;0,8;0,810111111
3/05/2015;Quarter1;sweing;Thursday;11;0,8;0,800701754
3/05/2015;Quarter1;sweing;Thursday;3;0,8;0,800534979
3/05/2015;Quarter1;sweing;Thursday;12;0,8;0,800401961
3/05/2015;Quarter1;sweing;Thursday;1;0,7;0,750651724
3/05/2015;Quarter1;sweing;Thursday;9;0,75;0,750395513
3/05/2015;Quarter1;sweing;Thursday;4;0,7;0,750050847
3/05/2015;Quarter1;sweing;Thursday;5;0,7;0,700424138
3/05/2015;Quarter1;sweing;Thursday;10;0,7;0,700422
3/05/2015;Quarter1;sweing;Thursday;2;0,6;0,600099145
3/05/2015;Quarter1;finishing;Thursday;9;0,75;0,453125
3/05/2015;Quarter1;sweing;Thursday;7;0,8;0,366053523
3/05/2015;Quarter1;sweing;Thursday;6;0,35;0,26369382
3/07/2015;Quarter1;finishing;Saturday;12;0,8;0,868888889
3/07/2015;Quarter1;sweing;Saturday;12;0,8;0,850520588
3/07/2015;Quarter1;sweing;Saturday;1;0,7;0,850045
3/07/2015;Quarter1;finishing;Saturday;7;0,8;0,825444444
3/07/2015;Quarter1;finishing;Saturday;5;0,35;0,80575
3/07/2015;Quarter1;sweing;Saturday;4;0,7;0,800746552
3/07/2015;Quarter1;sweing;Saturday;3;0,8;0,800578947
3/07/2015;Quarter1;sweing;Saturday;11;0,8;0,800034503
3/07/2015;Quarter1;finishing;Saturday;6;0,5;0,7975
3/07/2015;Quarter1;sweing;Saturday;9;0,75;0,749987124
3/07/2015;Quarter1;sweing;Saturday;10;0,7;0,700422
3/07/2015;Quarter1;finishing;Saturday;1;0,7;0,664875
3/07/2015;Quarter1;finishing;Saturday;4;0,7;0,664875
3/07/2015;Quarter1;finishing;Saturday;11;0,8;0,657083333
3/07/2015;Quarter1;sweing;Saturday;2;0,65;0,65024031
3/07/2015;Quarter1;finishing;Saturday;8;0,8;0,590740741
3/07/2015;Quarter1;finishing;Saturday;2;0,65;0,528125
3/07/2015;Quarter1;sweing;Saturday;6;0,5;0,500528095
3/07/2015;Quarter1;sweing;Saturday;5;0,7;0,408960345
3/08/2015;Quarter2;finishing;Sunday;3;0,8;0,951944444
3/08/2015;Quarter2;finishing;Sunday;12;0,8;0,945555556
3/08/2015;Quarter2;finishing;Sunday;9;0,75;0,929074074
3/08/2015;Quarter2;finishing;Sunday;1;0,75;0,890604167
3/08/2015;Quarter2;finishing;Sunday;4;0,75;0,890604167
3/08/2015;Quarter2;finishing;Sunday;2;0,7;0,884
3/08/2015;Quarter2;finishing;Sunday;5;0,5;0,857916667
3/08/2015;Quarter2;sweing;Sunday;4;0,75;0,850084211
3/08/2015;Quarter2;sweing;Sunday;1;0,75;0,85007069
3/08/2015;Quarter2;sweing;Sunday;3;0,8;0,800511068
3/08/2015;Quarter2;sweing;Sunday;12;0,8;0,800401961
3/08/2015;Quarter2;sweing;Sunday;11;0,8;0,800034503
3/08/2015;Quarter2;finishing;Sunday;11;0,8;0,755208333
3/08/2015;Quarter2;sweing;Sunday;9;0,75;0,750371895
3/08/2015;Quarter2;sweing;Sunday;10;0,7;0,700422
3/08/2015;Quarter2;sweing;Sunday;2;0,7;0,700106061
3/08/2015;Quarter2;sweing;Sunday;6;0,6;0,601037091
3/08/2015;Quarter2;sweing;Sunday;8;0,6;0,600528571
3/08/2015;Quarter2;sweing;Sunday;5;0,5;0,500033898
3/08/2015;Quarter2;finishing;Sunday;8;0,6;0,4509375
3/08/2015;Quarter2;finishing;Sunday;10;0,7;0,441041667
3/08/2015;Quarter2;finishing;Sunday;6;0,6;0,271875
3/09/2015;Quarter2;finishing;Monday;11;0,8;0,960625
3/09/2015;Quarter2;finishing;Monday;12;0,8;0,902962963
3/09/2015;Quarter2;finishing;Monday;5;0,6;0,864342593
3/09/2015;Quarter2;sweing;Monday;4;0,75;0,850446154
3/09/2015;Quarter2;sweing;Monday;1;0,75;0,850426891
3/09/2015;Quarter2;finishing;Monday;9;0,75;0,841
3/09/2015;Quarter2;sweing;Monday;3;0,8;0,800842424
3/09/2015;Quarter2;sweing;Monday;12;0,8;0,800401961
3/09/2015;Quarter2;sweing;Monday;11;0,8;0,800034503
3/09/2015;Quarter2;finishing;Monday;3;0,8;0,795416667
3/09/2015;Quarter2;finishing;Monday;4;0,75;0,7953875
3/09/2015;Quarter2;finishing;Monday;1;0,75;0,794566667
3/09/2015;Quarter2;sweing;Monday;9;0,75;0,750395513
3/09/2015;Quarter2;sweing;Monday;2;0,7;0,700516224
3/09/2015;Quarter2;sweing;Monday;10;0,7;0,700422
3/09/2015;Quarter2;finishing;Monday;2;0,7;0,6825
3/09/2015;Quarter2;sweing;Monday;6;0,65;0,650962281
3/09/2015;Quarter2;sweing;Monday;8;0,65;0,650421429
3/09/2015;Quarter2;sweing;Monday;5;0,6;0,600040678
3/09/2015;Quarter2;sweing;Monday;7;0,5;0,500610909
3/09/2015;Quarter2;finishing;Monday;10;0,7;0,477291667
3/09/2015;Quarter2;finishing;Monday;8;0,65;0,2640625
3/10/2015;Quarter2;finishing;Tuesday;12;0,8;0,92
3/10/2015;Quarter2;finishing;Tuesday;5;0,6;0,909391667
3/10/2015;Quarter2;sweing;Tuesday;1;0,75;0,900061017
3/10/2015;Quarter2;finishing;Tuesday;3;0,8;0,894444444
3/10/2015;Quarter2;finishing;Tuesday;4;0,75;0,881575
3/10/2015;Quarter2;finishing;Tuesday;1;0,75;0,880754167
3/10/2015;Quarter2;sweing;Tuesday;4;0,75;0,850084211
3/10/2015;Quarter2;finishing;Tuesday;9;0,75;0,821666667
3/10/2015;Quarter2;sweing;Tuesday;12;0,8;0,800401961
3/10/2015;Quarter2;sweing;Tuesday;3;0,8;0,800071839
3/10/2015;Quarter2;sweing;Tuesday;11;0,8;0,800034503
3/10/2015;Quarter2;finishing;Tuesday;11;0,8;0,758229167
3/10/2015;Quarter2;sweing;Tuesday;10;0,75;0,750608
3/10/2015;Quarter2;sweing;Tuesday;9;0,75;0,750395513
3/10/2015;Quarter2;finishing;Tuesday;2;0,7;0,741
3/10/2015;Quarter2;sweing;Tuesday;8;0,7;0,700505263
3/10/2015;Quarter2;sweing;Tuesday;6;0,7;0,700246491
3/10/2015;Quarter2;sweing;Tuesday;2;0,7;0,700051852
3/10/2015;Quarter2;sweing;Tuesday;5;0,65;0,650044068
3/10/2015;Quarter2;sweing;Tuesday;7;0,6;0,630402924
3/10/2015;Quarter2;finishing;Tuesday;8;0,65;0,560625
3/10/2015;Quarter2;finishing;Tuesday;7;0,5;0,560625
3/10/2015;Quarter2;finishing;Tuesday;10;0,7;0,39875
3/11/2015;Quarter2;finishing;Wednesday;12;0,8;0,922839506
3/11/2015;Quarter2;finishing;Wednesday;11;0,8;0,874027778
3/11/2015;Quarter2;finishing;Wednesday;2;0,75;0,819270833
3/11/2015;Quarter2;finishing;Wednesday;4;0,75;0,813309028
3/11/2015;Quarter2;finishing;Wednesday;1;0,75;0,812625
3/11/2015;Quarter2;sweing;Wednesday;12;0,8;0,800401961
3/11/2015;Quarter2;sweing;Wednesday;3;0,8;0,800071839
3/11/2015;Quarter2;sweing;Wednesday;11;0,8;0,800034503
3/11/2015;Quarter2;finishing;Wednesday;3;0,8;0,786631944
3/11/2015;Quarter2;finishing;Wednesday;5;0,7;0,75885
3/11/2015;Quarter2;sweing;Wednesday;10;0,75;0,750608
3/11/2015;Quarter2;sweing;Wednesday;9;0,75;0,750347333
3/11/2015;Quarter2;sweing;Wednesday;2;0,75;0,750140741
3/11/2015;Quarter2;sweing;Wednesday;1;0,75;0,750050847
3/11/2015;Quarter2;sweing;Wednesday;4;0,75;0,750050847
3/11/2015;Quarter2;sweing;Wednesday;5;0,7;0,700556897
3/11/2015;Quarter2;sweing;Wednesday;8;0,7;0,700505263
3/11/2015;Quarter2;sweing;Wednesday;6;0,7;0,700246491
3/11/2015;Quarter2;sweing;Wednesday;7;0,65;0,650596491
3/11/2015;Quarter2;finishing;Wednesday;10;0,75;0,628333333
3/11/2015;Quarter2;finishing;Wednesday;8;0,7;0,625625
3/11/2015;Quarter2;finishing;Wednesday;7;0,65;0,625625
3/11/2015;Quarter2;finishing;Wednesday;9;0,75;0,505888889
3/11/2015;Quarter2;finishing;Wednesday;6;0,7;0,394722222
